ID,Age,Sexe,Habitat,Revenus,Marie,Enfants,Voiture,Compte_Epargne,Compte_Courant,Emprunt,Produit
12101,48,F,Centre_Ville,140368,Non,1.0,Non,Non,Non,Non,Oui
12102,40,H,Petite_Ville,249360,Oui,3.0,Oui,Non,Oui,Oui,Non
12103,51,F,Centre_Ville,132600,Oui,0.0,Oui,Oui,Oui,Non,Non
12104,23,F,Petite_Ville,163000,Oui,3.0,Non,Non,Oui,Non,Non
12105,57,F,Rural,414024,Oui,0.0,Non,Oui,Non,Non,Non
12106,57,F,Petite_Ville,302952,Oui,2.0,Non,Oui,Oui,Non,Oui
12107,22,H,Rural,71016,Non,0.0,Non,Non,Oui,Non,Oui
12108,58,H,Petite_Ville,199568,Oui,0.0,Oui,Oui,Oui,Non,Non
12109,37,F,Banlieue,202432,Oui,2.0,Oui,Non,Non,Non,Non
12110,54,H,Petite_Ville,193696,Oui,2.0,Oui,Oui,Oui,Non,Non
12111,66,F,Petite_Ville,478424,Oui,0.0,Non,Oui,Oui,Non,Non
12112,52,F,Centre_Ville,213264,Non,0.0,Oui,Oui,Oui,Oui,Non
12113,44,F,Petite_Ville,157288,Oui,1.0,Non,Oui,Oui,Oui,Oui
12114,66,F,Petite_Ville,441632,Oui,1.0,Oui,Oui,Oui,Oui,Oui
12115,36,H,Rural,155792,Oui,0.0,Non,Oui,Oui,Oui,Non
12116,38,F,Centre_Ville,178736,Oui,0.0,Oui,Oui,Oui,Oui,Non
12117,37,F,Petite_Ville,141832,Oui,2.0,Non,Non,Non,Oui,Non
12118,46,F,Banlieue,328128,Oui,0.0,Non,Oui,Non,Oui,Non
12119,62,F,Centre_Ville,215272,Oui,0.0,Non,Oui,Non,Non,Oui
12120,31,H,Petite_Ville,180176,Oui,0.0,Oui,Oui,Oui,Non,Non
12121,61,H,Centre_Ville,463040,Oui,2.0,Non,Oui,Non,Non,Oui
12122,50,H,Petite_Ville,131976,Oui,2.0,Non,Oui,Oui,Non,Non
12123,54,H,Centre_Ville,283264,Oui,0.0,Non,Oui,Oui,Non,Non
12124,27,F,Petite_Ville,124304,Non,0.0,Oui,Oui,Oui,Oui,Non
12125,22,H,Centre_Ville,122936,Non,2.0,Oui,Oui,Oui,Non,Non
12126,56,H,Centre_Ville,298744,Oui,0.0,Oui,Oui,Oui,Oui,Non
12127,45,H,Centre_Ville,166472,Oui,0.0,Non,Oui,Oui,Oui,Non
12128,39,F,Petite_Ville,164352,Oui,1.0,Non,Non,Oui,Non,Oui
12129,39,F,Centre_Ville,234872,Non,3.0,Oui,Non,Oui,Oui,Non
12130,61,H,Rural,194160,Oui,1.0,Non,Non,Oui,Non,Oui
12131,61,F,Rural,183536,Oui,2.0,Non,Oui,Oui,Non,Non
12132,20,F,Petite_Ville,130600,Oui,2.0,Non,Oui,Non,Non,Non
12133,45,H,Banlieue,187544,Oui,1.0,Oui,Oui,Oui,Non,Oui
12134,33,F,Centre_Ville,227952,Non,3.0,Oui,Oui,Non,Non,Non
12135,43,H,Banlieue,300168,Non,0.0,Non,Oui,Oui,Non,Oui
12136,27,F,Centre_Ville,158944,Oui,2.0,Non,Oui,Oui,Non,Non
12137,19,H,Rural,111168,Oui,3.0,Oui,Oui,Oui,Non,Non
12138,36,F,Rural,107048,Non,0.0,Oui,Non,Oui,Non,Oui
12139,43,F,Petite_Ville,148032,Oui,0.0,Oui,Oui,Oui,Non,Non
12140,66,F,Banlieue,203128,Non,2.0,Non,Non,Oui,Non,Non
12141,55,H,Petite_Ville,214192,Oui,0.0,Non,Non,Oui,Oui,Oui
12142,47,F,Centre_Ville,215616,Oui,0.0,Oui,Non,Oui,Non,Non
12143,67,H,Petite_Ville,445728,Non,2.0,Oui,Oui,Non,Non,Oui
12144,32,F,Petite_Ville,220568,Oui,0.0,Oui,Non,Oui,Oui,Non
12145,20,H,Centre_Ville,134360,Non,2.0,Oui,Oui,Oui,Oui,Non
12146,64,H,Centre_Ville,421360,Oui,2.0,Non,Oui,Oui,Oui,Oui
12147,50,F,Centre_Ville,132824,Non,1.0,Oui,Oui,Oui,Non,Oui
12148,29,H,Centre_Ville,104848,Non,2.0,Non,Oui,Oui,Oui,Oui
12149,52,H,Centre_Ville,316376,Non,2.0,Oui,Non,Oui,Non,Oui
12150,47,F,Rural,142936,Oui,2.0,Oui,Oui,Non,Non,Non
12151,24,H,Petite_Ville,114472,Non,2.0,Oui,Oui,Non,Non,Non
12152,36,H,Petite_Ville,212096,Oui,0.0,Non,Non,Non,Non,Non
12153,43,H,Petite_Ville,130072,Oui,1.0,Non,Oui,Oui,Non,Oui
12154,48,H,Banlieue,238352,Non,1.0,Non,Oui,Oui,Non,Oui
12155,63,H,Petite_Ville,454736,Oui,0.0,Non,Oui,Oui,Oui,Non
12156,52,F,Rural,382680,Non,3.0,Non,Oui,Non,Non,Oui
12157,58,F,Centre_Ville,199816,Non,0.0,Non,Non,Oui,Non,Oui
12158,28,H,Centre_Ville,184992,Oui,0.0,Non,Oui,Oui,Non,Oui
12159,29,F,Centre_Ville,142184,Oui,0.0,Non,Non,Oui,Non,Non
12160,34,H,Centre_Ville,202672,Non,1.0,Oui,Oui,Oui,Oui,Oui
12161,42,F,Centre_Ville,198104,Oui,1.0,Non,Oui,Oui,Oui,Oui
12162,65,F,Centre_Ville,265648,Non,1.0,Oui,Non,Oui,Non,Oui
12163,47,H,Centre_Ville,216176,Oui,2.0,Non,Oui,Oui,Non,Non
12164,20,H,Centre_Ville,93600,Oui,0.0,Non,Oui,Non,Non,Non
12165,21,H,Petite_Ville,61032,Non,0.0,Oui,Oui,Oui,Oui,Non
12166,42,H,Centre_Ville,139120,Oui,0.0,Non,Oui,Oui,Non,Non
12167,19,H,Petite_Ville,86888,Non,2.0,Non,Oui,Oui,Non,Non
12168,41,F,Petite_Ville,279136,Non,0.0,Non,Oui,Oui,Oui,Non
12169,30,H,Petite_Ville,155224,Non,2.0,Non,Oui,Oui,Non,Non
12170,31,F,Rural,83528,Oui,2.0,Non,Non,Oui,Non,Oui
12171,25,H,Centre_Ville,112512,Oui,3.0,Oui,Oui,Oui,Non,Non
12172,21,H,Centre_Ville,64496,Non,0.0,Non,Non,Oui,Non,Oui
12173,36,H,Centre_Ville,255856,Oui,3.0,Oui,Oui,Oui,Oui,Oui
12174,58,F,Centre_Ville,185576,Oui,2.0,Non,Oui,Non,Oui,Non
12175,64,F,Centre_Ville,421392,Non,2.0,Oui,Oui,Oui,Non,Oui
12176,59,F,Rural,284880,Non,2.0,Oui,Non,Non,Non,Oui
12177,45,F,Petite_Ville,215584,Non,0.0,Non,Oui,Oui,Oui,Non
12178,61,H,Centre_Ville,395648,Oui,1.0,Oui,Oui,Oui,Oui,Oui
12179,30,F,Centre_Ville,117792,Oui,0.0,Oui,Non,Oui,Non,Non
12180,58,F,Petite_Ville,276192,Oui,2.0,Oui,Oui,Non,Non,Oui
12181,50,F,Petite_Ville,176416,Non,3.0,Non,Oui,Oui,Non,Oui
12182,30,H,Centre_Ville,222464,Non,3.0,Non,Non,Oui,Non,Non
12183,29,F,Centre_Ville,93880,Oui,1.0,Non,Oui,Oui,Non,Non
12184,35,H,Centre_Ville,116968,Oui,1.0,Non,Oui,Oui,Non,Oui
12185,62,H,Centre_Ville,192208,Oui,0.0,Non,Non,Oui,Oui,Oui
12186,36,H,Centre_Ville,253464,Oui,1.0,Oui,Oui,Oui,Non,Oui
12187,25,F,Centre_Ville,124200,Oui,0.0,Non,Oui,Oui,Non,Non
12188,66,F,Petite_Ville,189360,Non,0.0,Oui,Oui,Oui,Oui,Non
12189,30,H,Banlieue,126784,Oui,0.0,Oui,Oui,Non,Oui,Non
12190,54,F,Centre_Ville,248760,Oui,2.0,Non,Non,Oui,Non,Oui
12191,37,H,Petite_Ville,194840,Oui,1.0,Oui,Non,Oui,Oui,Oui
12192,28,F,Centre_Ville,203432,Non,2.0,Non,Oui,Oui,Oui,Non
12193,53,F,Rural,291888,Non,0.0,Non,Non,Oui,Non,Oui
12194,61,H,Centre_Ville,340632,Oui,2.0,Oui,Oui,Oui,Non,Non
12195,61,F,Centre_Ville,329016,Oui,0.0,Oui,Oui,Non,Non,Non
12196,18,F,Centre_Ville,79920,Oui,0.0,Non,Oui,Oui,Non,Non
12197,22,H,Centre_Ville,63584,Oui,1.0,Non,Non,Non,Oui,Non
12198,34,H,Petite_Ville,246960,Oui,2.0,Oui,Oui,Oui,Oui,Oui
12199,35,F,Centre_Ville,97000,Non,2.0,Non,Oui,Oui,Non,Non
12200,18,F,Rural,122784,Oui,0.0,Oui,Non,Oui,Non,Non
12201,54,H,Centre_Ville,213656,Oui,1.0,Non,Oui,Oui,Oui,Oui
12202,27,F,Centre_Ville,92832,Oui,2.0,Oui,Oui,Oui,Non,Non
12203,42,H,Centre_Ville,123992,Oui,0.0,Oui,Non,Oui,Oui,Oui
12204,43,H,Petite_Ville,259192,Non,0.0,Non,Oui,Oui,Oui,Non
12205,64,F,Centre_Ville,276104,Oui,1.0,Non,Oui,Oui,Non,Oui
12206,43,H,Petite_Ville,259160,Oui,3.0,Oui,Oui,Oui,Non,Non
12207,49,H,Rural,373064,Oui,0.0,Oui,Oui,Non,Non,Non
12208,23,H,Centre_Ville,104312,Oui,0.0,Non,Non,Oui,Non,Non
12209,23,H,Centre_Ville,101448,Non,0.0,Non,Oui,Oui,Non,Oui
12210,30,F,Centre_Ville,192248,Oui,2.0,Oui,Oui,Oui,Oui,Non
12211,36,H,Petite_Ville,269008,Non,2.0,Non,Oui,Oui,Non,Oui
12212,34,H,Centre_Ville,196760,Oui,3.0,Oui,Non,Non,Oui,Non
12213,51,F,Centre_Ville,296752,Oui,0.0,Oui,Non,Oui,Non,Non
12214,36,H,Petite_Ville,269040,Non,2.0,Oui,Oui,Oui,Non,Oui
12215,56,H,Centre_Ville,345824,Oui,1.0,Oui,Oui,Oui,Non,Oui
12216,54,F,Centre_Ville,382368,Oui,0.0,Non,Oui,Oui,Non,Non
12217,56,F,Petite_Ville,173840,Oui,2.0,Non,Oui,Non,Non,Non
12218,26,H,Centre_Ville,80352,Oui,3.0,Non,Oui,Oui,Oui,Non
12219,39,H,Petite_Ville,138160,Non,0.0,Oui,Non,Non,Non,Oui
12220,64,F,Rural,394272,Oui,3.0,Oui,Oui,Oui,Non,Oui
12221,46,H,Rural,229320,Non,2.0,Non,Oui,Non,Oui,Non
12222,62,F,Rural,408144,Oui,1.0,Oui,Oui,Oui,Non,Oui
12223,36,F,Petite_Ville,166392,Oui,1.0,Non,Oui,Non,Oui,Oui
12224,35,F,Rural,264224,Non,1.0,Non,Oui,Oui,Non,Oui
12225,47,H,Rural,360248,Non,3.0,Oui,Oui,Non,Non,Oui
12226,47,H,Centre_Ville,312080,Oui,2.0,Non,Non,Oui,Non,Oui
12227,37,F,Petite_Ville,202056,Oui,0.0,Oui,Oui,Oui,Non,Non
12228,48,F,Centre_Ville,340824,Oui,0.0,Non,Oui,Oui,Non,Non
12229,41,H,Petite_Ville,112736,Oui,3.0,Oui,Oui,Oui,Non,Non
12230,27,F,Rural,170800,Non,0.0,Oui,Oui,Oui,Non,Oui
12231,43,H,Centre_Ville,185968,Non,2.0,Non,Non,Oui,Non,Non
12232,61,H,Rural,332872,Oui,3.0,Non,Oui,Oui,Oui,Non
12233,52,F,Banlieue,133728,Non,2.0,Oui,Oui,Oui,Non,Non
12234,64,F,Banlieue,291488,Oui,0.0,Oui,Non,Oui,Non,Non
12235,66,F,Petite_Ville,476024,Oui,2.0,Oui,Oui,Oui,Oui,Oui
12236,53,F,Petite_Ville,250672,Oui,1.0,Oui,Oui,Oui,Non,Oui
12237,20,F,Centre_Ville,82960,Oui,2.0,Oui,Non,Oui,Oui,Non
12238,57,F,Centre_Ville,313640,Non,0.0,Non,Oui,Oui,Non,Oui
12239,65,F,Rural,337384,Oui,0.0,Non,Oui,Oui,Non,Non
12240,64,F,Centre_Ville,426344,Non,1.0,Non,Oui,Oui,Non,Oui
12241,52,H,Centre_Ville,296760,Oui,3.0,Non,Oui,Oui,Non,Non
12242,47,F,Centre_Ville,182328,Oui,0.0,Non,Non,Oui,Non,Non
12243,28,F,Petite_Ville,113376,Oui,1.0,Oui,Non,Non,Oui,Non
12244,64,H,Petite_Ville,391792,Oui,0.0,Oui,Oui,Oui,Oui,Non
12245,25,H,Centre_Ville,151384,Oui,1.0,Non,Oui,Oui,Non,Oui
12246,58,H,Banlieue,409632,Oui,0.0,Non,Oui,Non,Oui,Oui
12247,34,H,Petite_Ville,161888,Oui,2.0,Oui,Non,Oui,Non,Non
12248,20,F,Centre_Ville,145016,Non,2.0,Non,Oui,Oui,Non,Non
12249,63,H,Rural,205856,Oui,0.0,Oui,Oui,Non,Non,Non
12250,30,F,Banlieue,225920,Oui,3.0,Oui,Oui,Oui,Non,Non
12251,53,H,Rural,225544,Oui,1.0,Oui,Oui,Oui,Non,Oui
12252,43,H,Petite_Ville,291456,Non,2.0,Oui,Non,Oui,Non,Oui
12253,63,H,Petite_Ville,411248,Oui,2.0,Non,Oui,Non,Oui,Oui
12254,33,H,Centre_Ville,196232,Oui,1.0,Non,Oui,Oui,Oui,Oui
12255,41,H,Rural,186848,Non,2.0,Oui,Non,Non,Non,Non
12256,20,F,Banlieue,65144,Oui,2.0,Non,Oui,Oui,Non,Oui
12257,50,H,Petite_Ville,211696,Oui,0.0,Oui,Oui,Oui,Non,Non
12258,24,H,Rural,131784,Oui,2.0,Oui,Oui,Oui,Non,Non
12259,60,F,Petite_Ville,172048,Oui,0.0,Non,Non,Oui,Non,Oui
12260,44,F,Petite_Ville,153472,Oui,1.0,Non,Oui,Oui,Non,Oui
12261,23,H,Centre_Ville,151000,Oui,2.0,Oui,Oui,Oui,Non,Non
12262,40,F,Centre_Ville,103816,Oui,0.0,Non,Non,Non,Non,Non
12263,49,F,Petite_Ville,142240,Non,3.0,Non,Non,Oui,Non,Non
12264,21,F,Petite_Ville,60392,Non,1.0,Oui,Non,Oui,Non,Non
12265,40,F,Centre_Ville,199232,Oui,0.0,Non,Non,Non,Non,Non
12266,26,H,Rural,192568,Oui,1.0,Non,Non,Oui,Oui,Oui
12267,20,H,Petite_Ville,76712,Non,1.0,Non,Oui,Oui,Oui,Non
12268,24,H,Centre_Ville,68496,Non,1.0,Non,Non,Non,Oui,Non
12269,37,F,Petite_Ville,213656,Non,0.0,Oui,Oui,Oui,Non,Non
12270,56,H,Centre_Ville,248824,Oui,0.0,Non,Non,Oui,Non,Non
12271,52,H,Centre_Ville,393400,Oui,0.0,Oui,Oui,Oui,Non,Non
12272,22,H,Centre_Ville,157808,Oui,2.0,Non,Non,Oui,Non,Non
12273,35,H,Centre_Ville,192264,Oui,3.0,Oui,Oui,Oui,Non,Non
12274,34,H,Rural,215992,Oui,1.0,Oui,Oui,Oui,Non,Oui
12275,67,F,Petite_Ville,332464,Oui,2.0,Non,Oui,Oui,Non,Oui
12276,58,F,Centre_Ville,441504,Non,0.0,Non,Oui,Oui,Non,Oui
12277,40,H,Petite_Ville,300464,Oui,0.0,Oui,Oui,Oui,Non,Non
12278,41,F,Centre_Ville,240792,Oui,0.0,Oui,Oui,Oui,Oui,Oui
12279,43,H,Centre_Ville,122032,Oui,0.0,Non,Non,Non,Non,Oui
12280,63,H,Centre_Ville,288688,Oui,2.0,Non,Non,Oui,Non,Oui
12281,22,F,Centre_Ville,141240,Oui,1.0,Non,Oui,Oui,Oui,Oui
12282,60,H,Rural,453264,Non,0.0,Non,Oui,Oui,Non,Oui
12283,65,F,Centre_Ville,320912,Non,0.0,Oui,Oui,Oui,Oui,Non
12284,48,F,Centre_Ville,148128,Oui,2.0,Oui,Oui,Oui,Oui,Non
12285,38,F,Centre_Ville,255480,Non,0.0,Oui,Oui,Non,Oui,Non
12286,49,H,Rural,261352,Oui,1.0,Oui,Oui,Oui,Oui,Oui
12287,20,F,Centre_Ville,146200,Oui,0.0,Non,Non,Non,Oui,Oui
12288,48,F,Petite_Ville,275280,Oui,1.0,Non,Non,Oui,Non,Oui
12289,38,H,Centre_Ville,278928,Oui,2.0,Oui,Non,Oui,Oui,Non
12290,41,F,Centre_Ville,174368,Oui,0.0,Non,Non,Oui,Non,Non
12291,67,F,Banlieue,505040,Oui,2.0,Oui,Oui,Oui,Non,Oui
12292,39,H,Centre_Ville,119968,Oui,1.0,Oui,Oui,Non,Non,Non
12293,64,F,Rural,380496,Oui,3.0,Non,Oui,Oui,Non,Oui
12294,41,H,Centre_Ville,129992,Oui,0.0,Oui,Non,Oui,Oui,Oui
12295,55,H,Banlieue,289536,Oui,2.0,Oui,Non,Oui,Non,Oui
12296,52,H,Centre_Ville,170920,Oui,1.0,Non,Oui,Non,Oui,Oui
12297,30,F,Centre_Ville,150416,Non,0.0,Non,Non,Oui,Oui,Oui
12298,52,H,Centre_Ville,389760,Oui,2.0,Oui,Oui,Oui,Non,Oui
12299,26,H,Centre_Ville,116680,Non,2.0,Non,Non,Oui,Oui,Non
12300,26,F,Centre_Ville,149352,Oui,0.0,Non,Oui,Oui,Non,Oui
12301,46,H,Petite_Ville,208616,Oui,1.0,Oui,Oui,Oui,Non,Oui
12302,46,F,Petite_Ville,333016,Oui,0.0,Non,Oui,Oui,Oui,Non
12303,52,H,Centre_Ville,135816,Oui,0.0,Non,Non,Oui,Non,Non
12304,37,H,Centre_Ville,152096,Non,3.0,Oui,Non,Oui,Non,Non
12305,22,H,Centre_Ville,102112,Oui,1.0,Non,Oui,Oui,Oui,Oui
12306,18,H,Centre_Ville,115104,Non,0.0,Oui,Non,Oui,Oui,Oui
12307,63,H,Centre_Ville,475272,Non,0.0,Oui,Oui,Oui,Non,Oui
12308,25,F,Centre_Ville,99296,Oui,0.0,Non,Oui,Oui,Oui,Non
12309,67,H,Centre_Ville,345560,Oui,0.0,Oui,Oui,Oui,Non,Non
12310,27,H,Centre_Ville,166168,Non,0.0,Non,Oui,Non,Non,Oui
12311,61,H,Centre_Ville,212552,Non,0.0,Oui,Non,Non,Non,Oui
12312,58,H,Petite_Ville,264984,Oui,1.0,Oui,Oui,Oui,Non,Oui
12313,22,H,Centre_Ville,115464,Oui,0.0,Oui,Oui,Oui,Non,Oui
12314,28,H,Petite_Ville,102176,Non,1.0,Non,Non,Oui,Non,Oui
12315,23,H,Centre_Ville,78592,Oui,0.0,Non,Oui,Oui,Non,Non
12316,27,H,Banlieue,140880,Oui,0.0,Non,Oui,Oui,Non,Non
12317,27,F,Banlieue,133632,Oui,0.0,Oui,Non,Oui,Non,Non
12318,40,F,Centre_Ville,254192,Oui,3.0,Oui,Oui,Oui,Oui,Non
12319,39,H,Petite_Ville,281984,Non,0.0,Oui,Oui,Non,Non,Oui
12320,35,F,Centre_Ville,228784,Oui,0.0,Oui,Oui,Oui,Non,Non
12321,37,F,Centre_Ville,210088,Non,2.0,Oui,Non,Non,Non,Non
12322,47,H,Centre_Ville,322320,Oui,2.0,Non,Oui,Oui,Non,Oui
12323,42,F,Centre_Ville,314464,Oui,1.0,Non,Oui,Oui,Non,Oui
12324,67,F,Centre_Ville,376960,Oui,0.0,Non,Oui,Oui,Oui,Non
12325,57,H,Rural,398992,Oui,3.0,Non,Oui,Oui,Non,Oui
12326,47,F,Rural,219472,Non,0.0,Oui,Oui,Oui,Non,Oui
12327,67,H,Centre_Ville,403792,Oui,2.0,Oui,Oui,Oui,Non,Oui
12328,56,H,Petite_Ville,219872,Non,0.0,Non,Oui,Oui,Non,Oui
12329,37,H,Rural,224168,Non,0.0,Oui,Non,Oui,Oui,Oui
12330,27,H,Centre_Ville,98232,Non,0.0,Oui,Non,Non,Non,Oui
12331,59,F,Centre_Ville,241512,Oui,0.0,Oui,Non,Oui,Oui,Oui
12332,31,H,Centre_Ville,231752,Non,1.0,Non,Non,Oui,Oui,Non
12333,31,H,Banlieue,112464,Oui,0.0,Non,Non,Oui,Oui,Oui
12334,32,F,Petite_Ville,243232,Oui,0.0,Oui,Oui,Oui,Non,Non
12335,57,F,Rural,339064,Non,3.0,Non,Oui,Non,Non,Non
12336,49,F,Centre_Ville,132328,Non,1.0,Non,Oui,Oui,Oui,Oui
12337,65,H,Petite_Ville,418040,Non,2.0,Oui,Oui,Oui,Non,Oui
12338,22,F,Centre_Ville,142928,Oui,2.0,Non,Oui,Oui,Oui,Non
12339,26,F,Rural,144536,Oui,2.0,Non,Oui,Non,Non,Non
12340,23,H,Centre_Ville,102584,Oui,0.0,Oui,Oui,Oui,Non,Non
12341,26,F,Rural,90392,Oui,2.0,Oui,Non,Non,Non,Non
12342,59,F,Centre_Ville,448248,Non,0.0,Oui,Oui,Oui,Non,Oui
12343,67,H,Centre_Ville,282104,Oui,1.0,Oui,Oui,Oui,Non,Oui
12344,34,F,Centre_Ville,159744,Oui,0.0,Oui,Oui,Oui,Non,Non
12345,50,H,Rural,222600,Oui,2.0,Oui,Oui,Non,Non,Non
12346,46,H,Banlieue,302184,Non,0.0,Oui,Oui,Oui,Oui,Non
12347,23,F,Centre_Ville,60848,Non,3.0,Oui,Non,Non,Non,Non
12348,26,H,Rural,171072,Oui,0.0,Non,Non,Oui,Non,Non
12349,40,H,Petite_Ville,137592,Oui,3.0,Non,Oui,Oui,Non,Non
12350,36,H,Petite_Ville,170656,Oui,3.0,Oui,Non,Oui,Non,Non
12351,65,H,Centre_Ville,474072,Non,0.0,Non,Oui,Oui,Oui,Non
12352,45,F,Petite_Ville,314904,Oui,1.0,Oui,Oui,Oui,Oui,Oui
12353,23,H,Centre_Ville,114320,Oui,2.0,Non,Non,Oui,Oui,Non
12354,42,F,Petite_Ville,143056,Oui,1.0,Non,Non,Non,Non,Oui
12355,21,F,Rural,85032,Non,3.0,Non,Oui,Oui,Oui,Non
12356,62,F,Centre_Ville,194096,Non,0.0,Oui,Non,Oui,Non,Oui
12357,49,F,Banlieue,208776,Non,2.0,Non,Oui,Oui,Non,Non
12358,28,F,Petite_Ville,186968,Oui,2.0,Non,Non,Oui,Oui,Non
12359,38,F,Petite_Ville,171960,Non,3.0,Non,Non,Oui,Oui,Non
12360,36,H,Petite_Ville,97328,Non,0.0,Non,Non,Non,Non,Non
12361,22,H,Banlieue,137440,Oui,0.0,Non,Oui,Oui,Non,Non
12362,40,F,Petite_Ville,215008,Oui,1.0,Non,Oui,Oui,Oui,Oui
12363,40,F,Petite_Ville,172896,Oui,0.0,Non,Non,Oui,Non,Non
12364,60,F,Centre_Ville,400240,Oui,0.0,Oui,Oui,Oui,Oui,Non
12365,23,H,Centre_Ville,153328,Non,0.0,Oui,Oui,Non,Non,Oui
12366,21,H,Centre_Ville,151432,Oui,1.0,Oui,Non,Non,Non,Oui
12367,58,H,Petite_Ville,265832,Non,0.0,Oui,Oui,Oui,Non,Oui
12368,48,F,Banlieue,243168,Non,0.0,Non,Oui,Oui,Non,Oui
12369,63,F,Petite_Ville,277000,Oui,0.0,Oui,Non,Oui,Non,Non
12370,20,H,Petite_Ville,133376,Non,3.0,Oui,Non,Oui,Oui,Non
12371,67,F,Banlieue,485976,Non,2.0,Non,Oui,Oui,Oui,Oui
12372,62,F,Centre_Ville,451152,Non,0.0,Oui,Oui,Oui,Non,Oui
12373,36,H,Petite_Ville,105888,Oui,0.0,Non,Oui,Oui,Non,Non
12374,31,H,Centre_Ville,227272,Oui,1.0,Oui,Non,Oui,Non,Oui
12375,42,F,Centre_Ville,216448,Oui,0.0,Oui,Oui,Oui,Non,Non
12376,18,H,Rural,74896,Oui,0.0,Oui,Non,Oui,Oui,Oui
12377,46,F,Banlieue,229616,Non,1.0,Non,Oui,Oui,Oui,Oui
12378,25,H,Petite_Ville,171512,Oui,1.0,Oui,Oui,Oui,Non,Oui
12379,65,F,Rural,195816,Non,0.0,Non,Oui,Non,Oui,Non
12380,40,H,Petite_Ville,264392,Oui,1.0,Non,Non,Oui,Oui,Oui
12381,32,H,Centre_Ville,178616,Oui,1.0,Non,Non,Non,Non,Oui
12382,18,F,Centre_Ville,124880,Oui,0.0,Non,Oui,Oui,Non,Non
12383,64,H,Centre_Ville,434512,Oui,1.0,Oui,Oui,Non,Non,Oui
12384,43,F,Centre_Ville,313400,Oui,3.0,Non,Oui,Oui,Oui,Non
12385,22,F,Centre_Ville,109912,Oui,3.0,Non,Oui,Oui,Non,Non
12386,25,H,Petite_Ville,75880,Oui,0.0,Non,Non,Non,Non,Non
12387,39,H,Centre_Ville,197400,Oui,1.0,Oui,Oui,Oui,Oui,Oui
12388,58,F,Centre_Ville,226024,Oui,3.0,Non,Non,Oui,Non,Non
12389,33,H,Centre_Ville,113088,Oui,1.0,Non,Oui,Non,Non,Non
12390,52,F,Rural,324520,Oui,1.0,Oui,Oui,Oui,Non,Oui
12391,23,H,Centre_Ville,108152,Non,0.0,Non,Oui,Oui,Non,Oui
12392,44,F,Centre_Ville,333984,Non,0.0,Oui,Oui,Non,Non,Oui
12393,51,H,Rural,348928,Oui,2.0,Oui,Oui,Oui,Oui,Oui
12394,26,F,Petite_Ville,182680,Oui,0.0,Non,Oui,Oui,Non,Non
12395,42,H,Petite_Ville,179960,Oui,0.0,Non,Oui,Non,Oui,Non
12396,34,H,Petite_Ville,260384,Oui,0.0,Oui,Oui,Oui,Oui,Non
12397,54,F,Rural,196664,Non,2.0,Oui,Oui,Oui,Oui,Non
12398,18,H,Rural,69112,Oui,2.0,Non,Non,Non,Non,Non
12399,47,F,Centre_Ville,137112,Non,2.0,Oui,Non,Oui,Non,Non
12400,24,F,Centre_Ville,134464,Oui,0.0,Non,Oui,Oui,Non,Non
12401,19,F,Centre_Ville,65296,Oui,1.0,Oui,Oui,Oui,Oui,Non
12402,37,F,Petite_Ville,122792,Oui,0.0,Non,Oui,Non,Non,Non
12403,45,F,Petite_Ville,233848,Oui,0.0,Non,Oui,Non,Non,Non
12404,49,H,Rural,331696,Oui,3.0,Non,Oui,Oui,Oui,Non
12405,67,F,Rural,459184,Non,3.0,Non,Oui,Oui,Non,Oui
12406,35,F,Rural,92160,Oui,0.0,Non,Non,Oui,Non,Non
12407,63,H,Centre_Ville,416936,Non,2.0,Oui,Oui,Oui,Non,Oui
12408,38,H,Rural,210248,Non,0.0,Oui,Oui,Oui,Non,Oui
12409,48,H,Petite_Ville,205464,Non,2.0,Oui,Oui,Oui,Non,Non
12410,28,F,Centre_Ville,95360,Non,1.0,Non,Oui,Oui,Non,Non
12411,46,H,Petite_Ville,245264,Oui,0.0,Non,Oui,Oui,Non,Non
12412,66,H,Centre_Ville,293168,Non,1.0,Non,Oui,Oui,Non,Oui
12413,61,F,Petite_Ville,246080,Non,2.0,Oui,Non,Oui,Non,Oui
12414,18,F,Rural,128872,Non,2.0,Oui,Oui,Oui,Non,Non
12415,54,F,Petite_Ville,144288,Oui,0.0,Oui,Oui,Non,Non,Non
12416,45,H,Rural,341024,Non,0.0,Oui,Oui,Oui,Oui,Non
12417,60,H,Centre_Ville,176880,Non,2.0,Oui,Oui,Oui,Non,Non
12418,45,F,Petite_Ville,301512,Non,1.0,Non,Oui,Oui,Oui,Oui
12419,31,F,Centre_Ville,185368,Non,2.0,Non,Oui,Non,Non,Non
12420,39,H,Banlieue,175608,Non,0.0,Oui,Oui,Oui,Oui,Non
12421,53,H,Centre_Ville,304824,Non,2.0,Oui,Oui,Oui,Non,Oui
12422,35,H,Rural,183056,Oui,0.0,Oui,Non,Non,Oui,Oui
12423,25,F,Petite_Ville,88344,Oui,1.0,Oui,Oui,Non,Oui,Non
12424,32,H,Petite_Ville,192216,Non,0.0,Non,Oui,Oui,Non,Oui
12425,36,H,Banlieue,227960,Oui,0.0,Non,Oui,Oui,Non,Non
12426,24,F,Petite_Ville,75720,Non,0.0,Non,Non,Oui,Non,Oui
12427,39,H,Centre_Ville,278816,Oui,1.0,Non,Oui,Non,Oui,Oui
12428,24,H,Centre_Ville,170144,Oui,0.0,Non,Non,Oui,Oui,Oui
12429,57,F,Rural,406792,Non,1.0,Non,Oui,Non,Oui,Oui
12430,27,F,Petite_Ville,148440,Oui,3.0,Non,Non,Oui,Non,Non
12431,66,F,Rural,422152,Oui,3.0,Oui,Oui,Oui,Non,Oui
12432,18,F,Centre_Ville,92808,Oui,2.0,Non,Oui,Oui,Oui,Non
12433,33,F,Petite_Ville,236328,Oui,0.0,Non,Oui,Non,Non,Non
12434,48,H,Banlieue,142888,Oui,2.0,Non,Oui,Oui,Non,Non
12435,23,F,Banlieue,168336,Oui,1.0,Non,Non,Oui,Non,Oui
12436,44,H,Petite_Ville,213504,Oui,1.0,Non,Oui,Non,Oui,Oui
12437,39,H,Centre_Ville,215200,Oui,2.0,Non,Non,Non,Oui,Non
12438,65,H,Centre_Ville,304640,Oui,1.0,Oui,Oui,Non,Oui,Non
12439,60,H,Banlieue,300432,Oui,2.0,Oui,Oui,Oui,Oui,Oui
12440,20,H,Centre_Ville,145472,Oui,0.0,Non,Non,Oui,Oui,Oui
12441,45,F,Banlieue,230912,Oui,0.0,Non,Oui,Oui,Non,Non
12442,66,H,Rural,386768,Oui,1.0,Oui,Oui,Non,Non,Oui
12443,64,H,Centre_Ville,424832,Oui,0.0,Oui,Oui,Oui,Non,Non
12444,51,F,Centre_Ville,155328,Oui,0.0,Non,Oui,Oui,Non,Non
12445,34,H,Rural,189104,Oui,2.0,Oui,Oui,Oui,Non,Non
12446,65,F,Petite_Ville,339024,Oui,1.0,Non,Oui,Oui,Non,Oui
12447,50,H,Rural,317960,Oui,0.0,Oui,Oui,Non,Oui,Non
12448,66,F,Centre_Ville,361512,Oui,0.0,Non,Oui,Non,Non,Non
12449,63,H,Centre_Ville,303440,Oui,0.0,Non,Oui,Non,Oui,Non
12450,53,F,Centre_Ville,192336,Non,1.0,Non,Non,Oui,Non,Oui
12451,33,F,Centre_Ville,249656,Non,0.0,Oui,Non,Oui,Oui,Oui
12452,38,H,Petite_Ville,195392,Oui,0.0,Non,Oui,Oui,Oui,Non
12453,56,F,Rural,196856,Non,1.0,Non,Oui,Oui,Oui,Non
12454,48,H,Petite_Ville,344456,Non,1.0,Oui,Oui,Oui,Non,Oui
12455,49,F,Banlieue,241584,Oui,0.0,Oui,Non,Oui,Oui,Oui
12456,54,F,Rural,401488,Oui,2.0,Non,Oui,Oui,Oui,Oui
12457,41,F,Banlieue,183328,Oui,0.0,Non,Non,Oui,Non,Non
12458,19,H,Rural,76736,Non,0.0,Non,Oui,Oui,Non,Oui
12459,52,F,Centre_Ville,274024,Non,3.0,Oui,Non,Oui,Non,Non
12460,52,F,Centre_Ville,182336,Oui,1.0,Oui,Oui,Non,Non,Oui
12461,64,F,Petite_Ville,412960,Non,2.0,Oui,Oui,Oui,Non,Oui
12462,56,H,Petite_Ville,159344,Oui,3.0,Non,Oui,Oui,Oui,Non
12463,56,H,Petite_Ville,237000,Oui,2.0,Non,Non,Oui,Non,Non
12464,19,F,Petite_Ville,100392,Oui,0.0,Non,Oui,Oui,Non,Non
12465,56,F,Petite_Ville,410392,Oui,1.0,Oui,Oui,Non,Non,Oui
12466,27,H,Centre_Ville,138912,Oui,2.0,Oui,Oui,Non,Non,Oui
12467,59,F,Centre_Ville,238928,Non,1.0,Oui,Non,Oui,Non,Oui
12468,56,H,Centre_Ville,382000,Oui,0.0,Oui,Oui,Oui,Oui,Non
12469,21,H,Petite_Ville,90248,Oui,0.0,Non,Oui,Oui,Oui,Non
12470,64,H,Centre_Ville,272584,Oui,3.0,Non,Oui,Non,Oui,Non
12471,62,H,Centre_Ville,374960,Oui,0.0,Non,Oui,Oui,Non,Non
12472,44,F,Centre_Ville,307624,Non,2.0,Non,Oui,Oui,Non,Oui
12473,24,F,Centre_Ville,62048,Non,0.0,Non,Non,Non,Non,Oui
12474,52,F,Centre_Ville,227304,Oui,0.0,Non,Non,Oui,Non,Non
12475,67,F,Banlieue,377584,Oui,2.0,Non,Oui,Oui,Non,Oui
12476,41,H,Centre_Ville,166928,Oui,0.0,Oui,Oui,Oui,Non,Non
12477,58,F,Petite_Ville,265632,Non,1.0,Non,Non,Non,Oui,Oui
12478,40,H,Centre_Ville,198584,Non,2.0,Non,Non,Oui,Non,Non
12479,19,H,Banlieue,143888,Oui,0.0,Non,Non,Oui,Oui,Oui
12480,20,F,Centre_Ville,79272,Oui,3.0,Non,Non,Oui,Non,Non
12481,56,F,Petite_Ville,212336,Non,0.0,Oui,Oui,Oui,Non,Oui
12482,46,F,Centre_Ville,260664,Oui,2.0,Oui,Oui,Oui,Non,Non
12483,30,H,Centre_Ville,116848,Oui,1.0,Non,Non,Oui,Non,Non
12484,40,F,Petite_Ville,278688,Oui,1.0,Oui,Oui,Oui,Non,Oui
12485,36,F,Petite_Ville,215360,Oui,0.0,Non,Non,Oui,Non,Non
12486,57,F,Centre_Ville,305984,Non,3.0,Oui,Non,Oui,Oui,Non
12487,49,H,Centre_Ville,125512,Non,0.0,Non,Non,Oui,Non,Non
12488,61,H,Centre_Ville,241256,Non,1.0,Oui,Non,Non,Non,Oui
12489,29,H,Centre_Ville,117136,Non,0.0,Oui,Non,Oui,Non,Oui
12490,48,F,Centre_Ville,127464,Oui,0.0,Non,Oui,Non,Non,Non
12491,56,F,Centre_Ville,354304,Oui,0.0,Non,Oui,Oui,Non,Non
12492,40,H,Petite_Ville,177576,Non,0.0,Oui,Non,Oui,Non,Oui
12493,58,F,Petite_Ville,305984,Oui,3.0,Oui,Oui,Non,Non,Non
12494,60,F,Centre_Ville,176424,Oui,2.0,Oui,Oui,Non,Oui,Non
12495,58,F,Banlieue,203744,Non,0.0,Oui,Non,Non,Oui,Oui
12496,67,F,Petite_Ville,187880,Oui,3.0,Oui,Non,Non,Oui,Non
12497,40,H,Rural,206144,Oui,0.0,Oui,Oui,Non,Non,Non
12498,48,H,Centre_Ville,273456,Oui,2.0,Non,Oui,Oui,Non,Oui
12499,64,F,Centre_Ville,459552,Non,1.0,Non,Oui,Oui,Non,Oui
12500,43,H,Petite_Ville,304472,Oui,0.0,Oui,Oui,Non,Oui,Non
12501,34,F,Rural,155848,Non,0.0,Non,Non,Oui,Oui,Oui
12502,26,H,Rural,156504,Non,3.0,Oui,Non,Non,Oui,Non
12503,48,H,Centre_Ville,308784,Oui,0.0,Oui,Non,Oui,Non,Non
12504,35,H,Centre_Ville,166032,Non,0.0,Non,Non,Non,Oui,Oui
12505,24,F,Centre_Ville,110912,Oui,3.0,Non,Oui,Oui,Non,Oui
12506,47,H,Banlieue,292792,Oui,3.0,Oui,Oui,Oui,Non,Oui
12507,52,H,Banlieue,366848,Non,1.0,Non,Oui,Oui,Non,Oui
12508,31,H,Banlieue,178896,Non,0.0,Non,Oui,Oui,Non,Oui
12509,41,F,Banlieue,175872,Oui,1.0,Oui,Non,Non,Non,Oui
12510,23,H,Banlieue,88584,Oui,2.0,Non,Oui,Non,Non,Non
12511,27,F,Centre_Ville,145264,Non,1.0,Oui,Non,Oui,Oui,Oui
12512,22,H,Centre_Ville,58432,Non,0.0,Oui,Oui,Oui,Oui,Non
12513,67,F,Centre_Ville,464736,Non,2.0,Oui,Oui,Oui,Non,Oui
12514,26,F,Centre_Ville,132144,Oui,0.0,Oui,Non,Oui,Non,Oui
12515,58,F,Banlieue,371688,Oui,0.0,Non,Oui,Oui,Non,Non
12516,27,H,Rural,160464,Oui,0.0,Non,Oui,Oui,Oui,Non
12517,36,H,Centre_Ville,100264,Non,1.0,Non,Oui,Non,Oui,Non
12518,31,H,Rural,182784,Oui,1.0,Oui,Non,Non,Non,Oui
12519,28,F,Petite_Ville,205592,Oui,2.0,Oui,Oui,Non,Non,Oui
12520,57,H,Petite_Ville,172896,Oui,0.0,Non,Oui,Oui,Oui,Non
12521,64,H,Centre_Ville,391600,Oui,0.0,Oui,Oui,Oui,Oui,Non
12522,49,H,Centre_Ville,331504,Non,1.0,Non,Oui,Non,Non,Oui
12523,22,H,Centre_Ville,91288,Oui,1.0,Oui,Non,Oui,Non,Non
12524,58,F,Centre_Ville,351520,Oui,0.0,Oui,Oui,Oui,Non,Non
12525,20,H,Petite_Ville,137912,Non,1.0,Oui,Non,Oui,Non,Oui
12526,44,F,Rural,243904,Oui,0.0,Non,Oui,Oui,Non,Non
12527,65,F,Petite_Ville,238928,Oui,3.0,Non,Oui,Non,Non,Non
12528,53,F,Centre_Ville,257472,Oui,2.0,Oui,Non,Non,Non,Oui
12529,34,F,Centre_Ville,138464,Oui,1.0,Oui,Non,Oui,Oui,Oui
12530,35,H,Rural,222904,Non,2.0,Non,Oui,Oui,Oui,Non
12531,48,H,Petite_Ville,231360,Oui,0.0,Non,Oui,Non,Oui,Non
12532,64,F,Petite_Ville,466936,Oui,1.0,Oui,Oui,Oui,Non,Oui
12533,46,H,Petite_Ville,134792,Non,0.0,Oui,Oui,Oui,Oui,Non
12534,42,F,Rural,225104,Oui,0.0,Non,Non,Oui,Oui,Oui
12535,47,H,Centre_Ville,184304,Oui,0.0,Oui,Oui,Non,Non,Non
12536,23,H,Petite_Ville,93888,Non,2.0,Oui,Oui,Oui,Oui,Non
12537,35,H,Centre_Ville,131832,Oui,0.0,Oui,Non,Non,Oui,Oui
12538,64,F,Centre_Ville,251320,Non,1.0,Oui,Oui,Non,Oui,Oui
12539,18,F,Banlieue,96936,Oui,1.0,Non,Non,Oui,Non,Non
12540,19,H,Centre_Ville,123336,Oui,1.0,Oui,Non,Oui,Non,Non
12541,40,H,Centre_Ville,235312,Oui,1.0,Non,Oui,Non,Oui,Oui
12542,47,H,Centre_Ville,357456,Oui,0.0,Oui,Oui,Oui,Non,Non
12543,43,F,Rural,290248,Oui,0.0,Oui,Oui,Oui,Non,Non
12544,38,H,Petite_Ville,266416,Non,0.0,Oui,Non,Oui,Oui,Oui
12545,21,F,Rural,126376,Oui,0.0,Non,Oui,Oui,Non,Oui
12546,40,H,Rural,254912,Oui,0.0,Oui,Oui,Oui,Non,Non
12547,52,F,Petite_Ville,349752,Oui,0.0,Non,Oui,Oui,Non,Non
12548,35,F,Petite_Ville,246392,Oui,2.0,Non,Non,Oui,Non,Oui
12549,53,H,Rural,391768,Oui,3.0,Oui,Oui,Non,Non,Oui
12550,38,F,Rural,272488,Non,0.0,Oui,Oui,Oui,Non,Oui
12551,42,H,Centre_Ville,231504,Oui,3.0,Oui,Non,Non,Non,Non
12552,43,H,Petite_Ville,308320,Non,0.0,Oui,Oui,Non,Oui,Non
12553,59,F,Centre_Ville,216360,Non,0.0,Non,Non,Oui,Non,Oui
12554,59,F,Rural,410272,Non,0.0,Oui,Oui,Oui,Oui,Non
12555,24,H,Centre_Ville,130816,Non,0.0,Non,Oui,Oui,Oui,Non
12556,27,F,Centre_Ville,94928,Oui,0.0,Oui,Oui,Oui,Non,Non
12557,32,F,Petite_Ville,106136,Oui,0.0,Oui,Oui,Oui,Oui,Non
12558,65,F,Centre_Ville,492432,Oui,0.0,Non,Oui,Oui,Non,Non
12559,18,H,Banlieue,109600,Non,1.0,Non,Oui,Oui,Non,Non
12560,66,H,Petite_Ville,375704,Oui,1.0,Non,Oui,Oui,Non,Oui
12561,41,H,Centre_Ville,187800,Oui,0.0,Oui,Non,Oui,Oui,Oui
12562,64,F,Banlieue,196432,Oui,0.0,Oui,Oui,Non,Oui,Non
12563,23,F,Centre_Ville,144400,Oui,0.0,Oui,Non,Oui,Oui,Oui
12564,29,F,Rural,121896,Oui,2.0,Oui,Non,Oui,Non,Non
12565,28,H,Petite_Ville,164440,Non,0.0,Oui,Oui,Oui,Non,Oui
12566,57,F,Petite_Ville,227368,Oui,2.0,Oui,Oui,Oui,Oui,Non
12567,38,H,Centre_Ville,175008,Oui,0.0,Non,Non,Oui,Non,Non
12568,34,F,Banlieue,102480,Non,3.0,Non,Oui,Oui,Non,Oui
12569,43,H,Banlieue,120872,Oui,0.0,Non,Non,Oui,Non,Oui
12570,63,H,Petite_Ville,299312,Non,3.0,Oui,Oui,Oui,Non,Non
12571,62,F,Centre_Ville,332168,Oui,0.0,Non,Oui,Oui,Oui,Non
12572,51,F,Centre_Ville,202976,Oui,0.0,Oui,Oui,Oui,Non,Non
12573,61,H,Centre_Ville,169112,Oui,2.0,Oui,Oui,Non,Non,Non
12574,41,F,Petite_Ville,222056,Non,0.0,Non,Oui,Oui,Non,Oui
12575,31,F,Petite_Ville,181424,Non,1.0,Oui,Oui,Oui,Oui,Oui
12576,33,F,Petite_Ville,97424,Oui,2.0,Non,Oui,Oui,Oui,Non
12577,43,H,Rural,208848,Non,1.0,Non,Non,Oui,Non,Oui
12578,40,H,Centre_Ville,219336,Oui,0.0,Non,Oui,Oui,Oui,Non
12579,47,H,Petite_Ville,186696,Oui,2.0,Non,Oui,Oui,Oui,Non
12580,46,H,Petite_Ville,347160,Non,1.0,Oui,Oui,Oui,Non,Oui
12581,30,H,Rural,92288,Oui,2.0,Non,Non,Oui,Oui,Non
12582,47,H,Centre_Ville,357264,Non,2.0,Oui,Oui,Oui,Non,Oui
12583,44,H,Rural,262096,Non,0.0,Non,Oui,Oui,Oui,Non
12584,23,H,Rural,131224,Oui,0.0,Oui,Oui,Non,Non,Non
12585,28,F,Centre_Ville,169472,Oui,1.0,Oui,Oui,Oui,Non,Oui
12586,64,F,Centre_Ville,399336,Oui,0.0,Oui,Oui,Oui,Oui,Non
12587,35,F,Petite_Ville,172984,Oui,0.0,Non,Oui,Non,Oui,Non
12588,19,H,Rural,133000,Oui,1.0,Non,Non,Oui,Non,Oui
12589,27,F,Petite_Ville,112112,Oui,3.0,Non,Oui,Non,Non,Non
12590,27,H,Centre_Ville,163272,Oui,2.0,Non,Oui,Non,Non,Oui
12591,58,F,Centre_Ville,253368,Oui,1.0,Oui,Oui,Non,Oui,Oui
12592,46,F,Petite_Ville,137192,Non,1.0,Oui,Oui,Oui,Non,Oui
12593,61,F,Petite_Ville,222048,Oui,0.0,Oui,Oui,Non,Oui,Oui
12594,59,H,Centre_Ville,327592,Non,0.0,Non,Oui,Oui,Non,Oui
12595,47,F,Rural,349944,Oui,3.0,Non,Oui,Oui,Non,Non
12596,44,H,Centre_Ville,307672,Oui,0.0,Non,Non,Non,Oui,Oui
12597,50,H,Petite_Ville,327776,Non,2.0,Oui,Oui,Oui,Oui,Oui
12598,64,H,Centre_Ville,372696,Non,0.0,Non,Oui,Oui,Non,Oui
12599,51,F,Petite_Ville,350392,Non,0.0,Non,Oui,Oui,Oui,Non
12600,46,F,Petite_Ville,151296,Oui,0.0,Oui,Non,Oui,Non,Oui
12601,39,F,Centre_Ville,222120,Oui,3.0,Oui,Oui,Non,Non,Non
12602,58,F,Centre_Ville,264056,Non,1.0,Oui,Non,Oui,Non,Oui
12603,32,F,Petite_Ville,210600,Oui,0.0,Oui,Non,Non,Non,Non
12604,22,F,Centre_Ville,122464,Non,0.0,Oui,Oui,Oui,Oui,Non
12605,63,F,Centre_Ville,478440,Oui,1.0,Oui,Oui,Oui,Non,Oui
12606,35,F,Petite_Ville,229264,Oui,0.0,Oui,Oui,Oui,Non,Non
12607,59,F,Centre_Ville,185400,Oui,0.0,Non,Non,Non,Oui,Oui
12608,22,F,Banlieue,92760,Non,0.0,Oui,Oui,Oui,Non,Oui
12609,60,H,Banlieue,403272,Non,2.0,Non,Oui,Oui,Oui,Oui
12610,23,F,Rural,89720,Oui,2.0,Oui,Oui,Oui,Non,Oui
12611,29,F,Petite_Ville,106616,Oui,0.0,Non,Oui,Non,Non,Non
12612,44,H,Centre_Ville,128704,Oui,3.0,Non,Oui,Oui,Non,Non
12613,63,F,Petite_Ville,351544,Oui,0.0,Oui,Oui,Oui,Oui,Non
12614,25,F,Rural,116040,Non,3.0,Non,Oui,Oui,Non,Non
12615,37,H,Centre_Ville,271088,Non,0.0,Oui,Oui,Non,Non,Oui
12616,48,F,Centre_Ville,133296,Oui,1.0,Non,Oui,Oui,Non,Oui
12617,35,F,Petite_Ville,162096,Non,0.0,Non,Oui,Non,Non,Oui
12618,51,H,Petite_Ville,268920,Oui,1.0,Non,Oui,Non,Oui,Oui
12619,27,F,Petite_Ville,176056,Non,3.0,Non,Non,Oui,Non,Non
12620,56,F,Centre_Ville,231848,Oui,3.0,Oui,Oui,Oui,Oui,Non
12621,38,F,Centre_Ville,97304,Oui,2.0,Oui,Non,Oui,Non,Oui
12622,36,F,Petite_Ville,137976,Oui,2.0,Oui,Oui,Oui,Non,Non
12623,27,H,Banlieue,101464,Non,3.0,Non,Oui,Oui,Oui,Non
12624,34,F,Petite_Ville,130328,Oui,0.0,Oui,Oui,Non,Oui,Non
12625,44,H,Banlieue,149656,Oui,0.0,Oui,Oui,Oui,Oui,Oui
12626,43,F,Centre_Ville,154608,Oui,1.0,Non,Non,Oui,Non,Oui
12627,32,H,Centre_Ville,116088,Non,2.0,Non,Oui,Non,Oui,Non
12628,21,F,Petite_Ville,85376,Non,1.0,Non,Oui,Oui,Oui,Non
12629,30,F,Centre_Ville,206640,Oui,2.0,Non,Non,Oui,Non,Non
12630,55,H,Rural,347992,Oui,1.0,Oui,Oui,Oui,Non,Non
12631,64,H,Banlieue,473400,Oui,1.0,Non,Oui,Oui,Non,Oui
12632,36,F,Centre_Ville,221136,Non,1.0,Oui,Non,Non,Non,Oui
12633,59,H,Centre_Ville,240536,Non,1.0,Non,Oui,Oui,Non,Oui
12634,60,H,Centre_Ville,237712,Oui,0.0,Oui,Non,Oui,Oui,Oui
12635,27,F,Petite_Ville,111600,Non,1.0,Oui,Oui,Oui,Oui,Non
12636,29,H,Centre_Ville,80576,Oui,0.0,Non,Non,Oui,Non,Non
12637,53,F,Centre_Ville,302800,Non,1.0,Non,Oui,Oui,Non,Oui
12638,61,F,Rural,457408,Non,2.0,Non,Oui,Oui,Non,Oui
12639,43,F,Centre_Ville,310272,Oui,0.0,Non,Oui,Oui,Non,Non
12640,19,H,Centre_Ville,81528,Oui,0.0,Non,Oui,Oui,Oui,Oui
12641,48,F,Centre_Ville,174568,Oui,1.0,Oui,Oui,Non,Oui,Oui
12642,39,H,Rural,299112,Oui,2.0,Non,Oui,Oui,Non,Oui
12643,32,H,Centre_Ville,117016,Oui,2.0,Oui,Oui,Oui,Non,Non
12644,63,H,Banlieue,390160,Oui,1.0,Oui,Oui,Non,Oui,Oui
12645,46,H,Rural,168768,Oui,1.0,Oui,Oui,Oui,Non,Oui
12646,40,H,Centre_Ville,290048,Non,0.0,Non,Non,Oui,Oui,Oui
12647,27,F,Centre_Ville,122248,Non,0.0,Oui,Non,Non,Oui,Oui
12648,22,H,Banlieue,74528,Oui,2.0,Oui,Oui,Oui,Non,Non
12649,42,H,Rural,165888,Oui,1.0,Oui,Oui,Oui,Non,Oui
12650,58,F,Petite_Ville,421296,Oui,1.0,Oui,Oui,Oui,Oui,Oui
12651,23,F,Centre_Ville,64160,Oui,1.0,Oui,Non,Oui,Non,Non
12652,58,H,Banlieue,257960,Oui,3.0,Non,Non,Non,Non,Non
12653,45,H,Centre_Ville,328856,Oui,2.0,Oui,Oui,Oui,Non,Non
12654,49,F,Banlieue,314864,Oui,0.0,Oui,Non,Non,Oui,Non
12655,67,F,Centre_Ville,288760,Oui,3.0,Oui,Oui,Oui,Non,Non
12656,20,F,Petite_Ville,61784,Oui,2.0,Oui,Oui,Oui,Non,Non
12657,43,F,Rural,148520,Oui,1.0,Oui,Oui,Oui,Oui,Oui
12658,41,H,Rural,201056,Oui,0.0,Non,Non,Oui,Non,Non
12659,38,F,Banlieue,250320,Oui,0.0,Non,Oui,Oui,Non,Non
12660,67,F,Banlieue,198864,Oui,0.0,Non,Non,Oui,Oui,Oui
12661,40,H,Centre_Ville,131184,Non,1.0,Non,Oui,Oui,Non,Oui
12662,25,F,Banlieue,186296,Non,0.0,Non,Non,Oui,Oui,Oui
12663,57,F,Rural,407176,Oui,0.0,Non,Oui,Oui,Non,Non
12664,32,F,Centre_Ville,179568,Non,1.0,Non,Non,Oui,Oui,Oui
12665,44,H,Banlieue,184736,Oui,0.0,Oui,Non,Oui,Oui,Oui
12666,30,H,Petite_Ville,198936,Oui,0.0,Oui,Oui,Non,Non,Non
12667,43,H,Petite_Ville,177872,Oui,0.0,Non,Non,Oui,Oui,Non
12668,19,F,Centre_Ville,138968,Oui,2.0,Oui,Oui,Oui,Non,Non
12669,37,F,Petite_Ville,236592,Oui,0.0,Oui,Oui,Oui,Non,Non
12670,49,H,Centre_Ville,143552,Non,1.0,Oui,Oui,Oui,Oui,Oui
12671,49,F,Rural,269320,Non,3.0,Oui,Non,Oui,Non,Non
12672,40,H,Centre_Ville,289328,Oui,0.0,Non,Non,Non,Non,Non
12673,33,F,Banlieue,221696,Non,2.0,Non,Oui,Oui,Non,Oui
12674,39,H,Petite_Ville,179200,Oui,2.0,Oui,Oui,Oui,Non,Non
12675,43,F,Centre_Ville,227752,Oui,0.0,Oui,Oui,Oui,Non,Non
12676,37,H,Petite_Ville,243904,Oui,0.0,Non,Oui,Oui,Oui,Non
12677,24,F,Petite_Ville,153280,Oui,1.0,Oui,Oui,Oui,Non,Oui
12678,62,H,Petite_Ville,362736,Oui,0.0,Oui,Oui,Non,Non,Oui
12679,18,H,Centre_Ville,50352,Non,0.0,Non,Oui,Oui,Oui,Non
12680,47,F,Petite_Ville,201016,Oui,0.0,Oui,Non,Non,Non,Non
12681,63,H,Banlieue,415032,Oui,2.0,Oui,Oui,Non,Oui,Oui
12682,20,H,Petite_Ville,101152,Oui,2.0,Oui,Non,Oui,Oui,Non
12683,46,F,Petite_Ville,175872,Non,3.0,Non,Oui,Non,Non,Non
12684,47,F,Rural,232744,Non,2.0,Oui,Oui,Oui,Non,Non
12685,33,H,Petite_Ville,188224,Oui,1.0,Non,Oui,Oui,Oui,Oui
12686,20,H,Petite_Ville,76128,Non,3.0,Oui,Oui,Oui,Non,Non
12687,20,H,Centre_Ville,146912,Oui,1.0,Non,Non,Oui,Non,Oui
12688,43,F,Petite_Ville,250184,Non,1.0,Oui,Oui,Non,Non,Oui
12689,58,H,Rural,397384,Oui,0.0,Non,Oui,Oui,Non,Non
12690,29,H,Banlieue,100984,Oui,1.0,Oui,Oui,Oui,Non,Non
12691,25,H,Centre_Ville,190544,Oui,0.0,Non,Non,Non,Non,Non
12692,40,F,Centre_Ville,251784,Non,2.0,Non,Oui,Oui,Oui,Oui
12693,48,H,Petite_Ville,162144,Oui,0.0,Non,Oui,Oui,Non,Non
12694,65,H,Banlieue,411336,Oui,2.0,Non,Oui,Oui,Non,Oui
12695,59,F,Rural,247768,Oui,3.0,Oui,Oui,Oui,Oui,Non
12696,61,F,Centre_Ville,376200,Non,2.0,Oui,Oui,Oui,Oui,Non
12697,30,F,Centre_Ville,77376,Oui,0.0,Oui,Oui,Oui,Non,Non
12698,31,F,Petite_Ville,127808,Oui,0.0,Oui,Oui,Non,Non,Oui
12699,29,H,Centre_Ville,117688,Oui,0.0,Non,Oui,Non,Oui,Non
12700,38,H,Petite_Ville,213368,Non,0.0,Oui,Non,Oui,Oui,Oui
